gen,nevals,time_gen,avg,std,min,max
0,1.0,0.0004153887430826823,0.7364444444444445,0.0,0.7364444444444445,0.7364444444444445
