gen,nevals,time_gen,avg,std,min,max
0,1.0,0.00046546459197998046,0.7026666666666667,0.0,0.7026666666666667,0.7026666666666667
