gen,nevals,time_gen,avg,std,min,max
0,1.0,0.00042232672373453774,0.7498888888888888,0.0,0.7498888888888888,0.7498888888888888
