mean_best_fitness,std_best_fitness,mean_total_time
0.7051111111111112,0.06860812890039547,0.00039780139923095703
