mean_best_fitness,std_best_fitness,mean_total_time
0.726888888888889,0.08423618198283148,0.00042081673940022786
