gen,nevals,time_gen,avg,std,min,max
1,10,5.697098016738892,0.9733333333333333,1.1102230246251565e-16,0.9733333333333334,0.9733333333333334
