gen,nevals,time_gen,avg,std,min,max
1,30,18.043421983718872,0.9733333333333332,2.220446049250313e-16,0.9733333333333334,0.9733333333333334
